_id,lat,lng,price,bed,bath,sf,quad
26702721,32.827489,-96.75994,1443643,5,5.5,5686,2.0133E+22
26755824,32.884534,-96.793742,1443893,4,5,4708,2.0133E+22
27201540,32.828404,-96.79042,1443936,4,4,3422,2.0133E+22
29019530,32.884341,-97.452704,1444124,4,4,5379,2.0133E+22
27208827,32.862084,-96.796843,1444179,2,2.5,1735,2.0133E+22
26755618,32.884515,-96.790596,1444265,5,5,5606,2.0133E+22
26756374,32.892311,-96.79584,1444357,4,5,5105,2.0133E+22
27199230,32.858415,-96.781861,1444390,4,4,3719,2.0133E+22
27199801,32.846916,-96.793309,1444391,5,5,3502,2.0133E+22
26706441,32.828218,-96.746116,1444539,5,3.5,4405,2.0133E+22
53103643,33.123357,-96.82954,1444708,5,5.5,6095,2.0133E+22
27206179,32.86014,-96.807956,1444719,4,6,4266,2.0133E+22
27209142,32.862637,-96.789864,1444760,3,2.5,2337,2.0133E+22
27206356,32.841063,-96.807746,1444804,4,3.5,3118,2.0133E+22
27199085,32.852727,-96.776387,1444813,4,5,4559,2.0133E+22
26903471,32.885021,-96.80109,1444928,5,5,5219,2.0133E+22
26755778,32.88557,-96.801746,1444946,4,6,5245,2.0133E+22
27212122,32.838879,-96.808245,1445047,4,4,4392,2.0133E+22
26876548,32.982428,-96.805175,1445122,5,4.5,5325,2.0133E+22
27202444,32.834603,-96.810864,1445224,4,3,3535,2.0133E+22
26733584,32.8382,-96.816164,1445288,4,3,4438,2.0133E+22
26692661,32.819449,-96.794899,1445407,4,3,5660,2.0133E+22
26717971,32.758156,-96.847786,1445409,4,7,5446,2.0133E+22
27211006,32.823448,-96.809969,1445420,4,5,4404,2.0133E+22
26911346,32.912636,-96.784897,1445488,4,4.5,5113,2.0133E+22
26804520,32.910592,-96.82768,1445520,5,6,5375,2.0133E+22
26755742,32.885528,-96.793405,1445562,5,6,5355,2.0133E+22
26848969,32.922334,-96.792485,1445583,5,4.5,5771,2.0133E+22
26728716,32.761257,-96.830268,1445593,3,4,4182,2.0133E+22
27209794,32.853246,-96.795306,1445652,4,3.5,3888,2.0133E+22
26755872,32.884023,-96.801764,1445850,5,5,5349,2.0133E+22
27199742,32.849514,-96.792673,1445908,4,3,2815,2.0133E+22
26876519,32.977462,-96.805322,1445971,4,4.5,5779,2.0133E+22
26751304,32.853654,-96.772835,1446285,4,3,3453,2.0133E+22
26848261,32.936711,-96.798582,1446318,4,4.5,5024,2.0133E+22
27201477,32.829403,-96.790433,1446326,4,3,3586,2.0133E+22
27198061,32.842715,-96.811633,1446458,4,3.5,4112,2.0133E+22
27284646,33.096857,-96.847673,1446490,5,5.5,6410,2.0133E+22
26754882,32.876071,-96.794125,1446532,4,4.5,3771,2.0133E+22
27208033,32.855677,-96.794629,1446635,3,3,3266,2.0133E+22
26740209,32.820166,-96.713075,1446658,5,4.5,4934,2.0133E+22
26911385,32.91218,-96.78535,1446690,4,5,5202,2.0133E+22
26756465,32.893942,-96.800218,1446826,5,4.5,5115,2.0133E+22
26758672,32.882129,-96.834903,1446988,6,5.5,6404,2.0133E+22
26755398,32.881943,-96.788535,1447249,5,5.5,5356,2.0133E+22
27202295,32.832471,-96.811921,1447299,4,2.5,3288,2.0133E+22
26755585,32.886513,-96.791243,1447342,5,5.5,5456,2.0133E+22
26760117,32.859163,-96.809542,1447363,4,3.5,4810,2.0133E+22
26756475,32.89277,-96.802604,1447595,6,8,5985,2.0133E+22
26757774,32.885694,-96.810676,1447839,3,3.5,3573,2.0133E+22
27209255,32.863643,-96.795086,1447843,4,4,3513,2.0133E+22
27202557,32.83514,-96.810653,1447971,4,3.5,3520,2.0133E+22
27211076,32.82414,-96.812902,1447980,5,5,5472,2.0133E+22
27210269,32.842912,-96.777907,1448266,4,6,4422,2.0133E+22
27210299,32.843449,-96.776919,1448328,4,5,4693,2.0133E+22
27203327,32.852793,-96.806849,1448360,4,5,4416,2.0133E+22
26736129,32.860196,-96.842877,1448433,5,2.5,3633,2.0133E+22
27208633,32.857188,-96.800252,1448671,4,3,3170,2.0133E+22
27210080,32.852307,-96.802274,1448704,4,4,4328,2.0133E+22
26756109,32.888589,-96.79092,1448810,4,3.5,5586,2.0133E+22
26837966,32.901992,-96.778717,1448910,5,6,5804,2.0133E+22
27199749,32.846925,-96.792013,1448989,4,3,4668,2.0133E+22
27209167,32.863649,-96.789319,1449034,4,3,3329,2.0133E+22
53099871,33.043377,-96.801132,1449116,5,5.5,5938,2.0133E+22
53103602,33.12337,-96.831696,1449212,4,5,5066,2.0133E+22
26731078,32.831697,-96.747157,1449373,3,3,2712,2.0133E+22
26738286,32.853938,-96.819288,1449498,4,5,4789,2.0133E+22
27198072,32.84312,-96.811622,1449575,4,4.5,4276,2.0133E+22
27207899,32.854619,-96.79327,1449611,4,2,3981,2.0133E+22
26751877,32.860076,-96.779691,1449633,5,4.5,4145,2.0133E+22
26692614,32.821795,-96.794273,1449763,3,3.5,4692,2.0133E+22
26756695,32.898795,-96.798654,1449797,5,5,4250,2.0133E+22
27207939,32.854647,-96.783149,1449918,4,5,3735,2.0133E+22
26756352,32.892881,-96.794893,1449941,5,6,5130,2.0133E+22
27199030,32.853679,-96.778093,1449967,3,3.5,4096,2.0133E+22
26649015,32.989255,-96.817463,1450226,5,6,6900,2.0133E+22
27208839,32.861638,-96.794528,1450281,3,3,2791,2.0133E+22
27211063,32.824039,-96.809966,1450419,4,4,4672,2.0133E+22
26755597,32.885962,-96.790916,1450452,4,4,5245,2.0133E+22
27202533,32.835192,-96.808186,1450476,4,3.5,4028,2.0133E+22
26902399,32.858085,-96.836846,1450633,3,3.5,4172,2.0133E+22
26756055,32.889662,-96.793825,1450712,5,5.5,5622,2.0133E+22
27201581,32.826881,-96.790517,1450722,3,3.5,3124,2.0133E+22
26755389,32.881956,-96.79097,1450777,4,5,5669,2.0133E+22
27201469,32.829856,-96.789257,1450861,4,3,2704,2.0133E+22
26902924,32.861478,-96.772942,1450913,3,4,5116,2.0133E+22
26740368,32.819482,-96.711226,1450913,3,6,4866,2.0133E+22
26733629,32.841991,-96.814811,1450936,3,2.5,3438,2.0133E+22
26876633,32.977551,-96.812787,1450994,4,6,5445,2.0133E+22
29316200,32.886156,-97.12964,1451044,6,6,9310,2.0133E+22
26667116,33.129171,-96.832685,1451280,4,5.5,5824,2.0133E+22
27199491,32.850251,-96.777996,1451326,4,4,4403,2.0133E+22
27201761,32.82647,-96.815667,1451365,5,5,3762,2.0133E+22
26829322,32.914364,-96.814216,1451368,4,4.5,4363,2.0133E+22
29169196,32.889403,-97.4632,1451466,4,4,3555,2.0133E+22
29269464,32.962849,-97.123326,1451740,4,5,5683,2.0133E+22
27209877,32.853696,-96.789519,1451904,4,4.5,4211,2.0133E+22
26911187,32.916583,-96.792311,1451914,4,6.5,5157,2.0133E+22
26755577,32.886971,-96.791572,1451999,5,4,5781,2.0133E+22
26849415,32.912778,-96.800097,1452012,5,5,5857,2.0133E+22
26876710,32.975063,-96.807959,1452077,5,6.5,5846,2.0133E+22
26649023,32.990153,-96.817055,1452165,6,6,6574,2.0133E+22
26903484,32.883011,-96.801409,1452265,4,5.5,5061,2.0133E+22
27202372,32.833367,-96.808298,1452497,4,3.5,3615,2.0133E+22
27209667,32.852746,-96.791137,1452525,4,5,3941,2.0133E+22
26759279,32.868954,-96.832381,1452564,6,5.5,5009,2.0133E+22
26754743,32.873756,-96.797925,1452711,5,5,4448,2.0133E+22
27210230,32.855525,-96.8032,1452731,4,3.5,4700,2.0133E+22
26755136,32.878448,-96.79953,1452757,4,4.5,4795,2.0133E+22
26756485,32.893292,-96.799233,1452891,5,4.5,5470,2.0133E+22
26936282,32.948054,-96.812477,1452969,4,4,5393,2.0133E+22
27201203,32.833205,-96.786037,1453025,3,2.5,3001,2.0133E+22
26828724,32.915784,-96.810237,1453066,5,5.5,5300,2.0133E+22
26755863,32.883561,-96.799594,1453165,1,1.5,2762,2.0133E+22
26655879,33.041088,-96.803434,1453194,5,6,6688,2.0133E+22
27210185,32.854585,-96.802069,1453236,4,5,3659,2.0133E+22
26669901,33.039657,-96.798512,1453240,5,4.5,5968,2.0133E+22
27201473,32.829406,-96.789778,1453279,3,4.5,3805,2.0133E+22
26659355,33.021248,-96.816779,1453289,5,5,5798,2.0133E+22
27203532,32.857193,-96.811406,1453512,4,4,4505,2.0133E+22
27200992,32.8358,-96.782314,1453644,4,3.5,3684,2.0133E+22
27199118,32.852741,-96.779241,1453659,3,3.5,3330,2.0133E+22
27209272,32.864098,-96.793557,1453829,3,2.5,3613,2.0133E+22
27211372,32.843269,-96.802703,1454062,4,4.5,4622,2.0133E+22
27199121,32.852738,-96.778346,1454133,4,3,3822,2.0133E+22
53099876,33.044265,-96.802091,1454156,6,7,5971,2.0133E+22
27198986,32.854653,-96.780883,1454200,4,6,3713,2.0133E+22
26913203,32.986016,-96.810697,1454379,4,6,5551,2.0133E+22
26758772,32.881934,-96.830824,1454427,4,4,4603,2.0133E+22
27208113,32.856285,-96.787186,1454490,4,3.5,3819,2.0133E+22
27205600,32.837426,-96.790178,1454540,5,5.5,4912,2.0133E+22
26849196,32.919779,-96.798532,1454651,5,5.5,5964,2.0133E+22
26759733,32.866038,-96.813563,1454664,4,4,3455,2.0133E+22
26752096,32.862029,-96.782423,1454828,4,4.25,4281,2.0133E+22
26877174,32.978155,-96.819488,1454902,5,6,6103,2.0133E+22
26706201,32.831986,-96.745533,1455055,5,6,5480,2.0133E+22
26755874,32.88402,-96.800767,1455066,5,5,5294,2.0133E+22
26751328,32.854664,-96.77296,1455153,5,4.5,4637,2.0133E+22
27210573,32.845716,-96.799631,1455300,4,4,4503,2.0133E+22
27210176,32.854577,-96.800603,1455384,4,5,4452,2.0133E+22
27118625,32.868431,-96.956422,1455673,5,5.5,5831,2.0133E+22
26702118,32.821505,-96.740917,1455690,3,3,3443,2.0133E+22
27209858,32.853254,-96.787636,1455729,4,4.5,4590,2.0133E+22
27296134,33.062347,-97.167372,1455775,5,4.5,6061,2.0133E+22
26733659,32.844431,-96.815314,1455794,4,4,4267,2.0133E+22
26751946,32.861595,-96.77911,1455934,5,6,4592,2.0133E+22
26751918,32.861084,-96.777933,1455971,4,3.5,5090,2.0133E+22
26755422,32.881422,-96.788837,1456171,4,6,5175,2.0133E+22
27208779,32.860551,-96.799578,1456183,4,3,2660,2.0133E+22
27210420,32.844212,-96.794713,1456516,5,4,4332,2.0133E+22
27208020,32.855202,-96.79485,1456526,4,2,3384,2.0133E+22
26911299,32.910941,-96.784795,1456840,3,5,5152,2.0133E+22
27199044,32.853259,-96.779773,1456853,4,2.5,3616,2.0133E+22
27209596,32.852742,-96.783794,1456933,4,4.5,4736,2.0133E+22
26755725,32.886989,-96.794373,1456971,4,4,5306,2.0133E+22
27209901,32.853267,-96.783306,1456992,4,3.5,3879,2.0133E+22
27198782,32.857343,-96.781396,1457012,4,3.5,3696,2.0133E+22
27201012,32.834761,-96.782662,1457056,4,4,4324,2.0133E+22
53099874,33.043371,-96.802347,1457173,4,4,5700,2.0133E+22
26692724,32.82228,-96.797576,1457205,4,3.5,4766,2.0133E+22
27208697,32.857671,-96.80294,1457701,3,4.5,3655,2.0133E+22
27210158,32.85418,-96.803375,1457769,4,3.5,4083,2.0133E+22
27198974,32.854208,-96.779356,1457807,4,4.5,3940,2.0133E+22
27209825,32.853265,-96.791978,1457852,4,4.5,4207,2.0133E+22
26803595,32.907851,-96.807424,1457901,5,6,5855,2.0133E+22
26756401,32.891255,-96.795669,1457911,5,4.5,5319,2.0133E+22
26751299,32.852297,-96.772668,1457932,4,4.5,4733,2.0133E+22
27310269,33.006501,-97.1146,1457994,4,4.5,5889,2.0133E+22
26760139,32.859581,-96.8101,1458055,5,4.5,4750,2.0133E+22
26755688,32.886564,-96.800404,1458063,5,5,5426,2.0133E+22
27209726,32.852733,-96.797239,1458130,4,4.5,4465,2.0133E+22
26658533,33.026016,-96.814671,1458225,4,6.5,6789,2.0133E+22
27202055,32.82907,-96.813539,1458268,3,3,3896,2.0133E+22
27199027,32.85373,-96.779104,1458374,4,4,3954,2.0133E+22
29036914,32.729197,-97.355672,1458430,4,3,5793,2.0133E+22
26756957,32.899124,-96.824239,1458540,4,6,4494,2.0133E+22
27198846,32.856761,-96.781132,1458652,4,3.5,3806,2.0133E+22
29019529,32.884603,-97.452757,1458671,4,5,6575,2.0133E+22
27199254,32.859596,-96.780954,1458706,3,3.5,3566,2.0133E+22
27203398,32.854261,-96.806285,1459114,4,4.5,4191,2.0133E+22
27204897,32.838451,-96.809965,1459127,4,3,4113,2.0133E+22
26911304,32.911431,-96.780491,1459218,4,4,4508,2.0133E+22
26759041,32.875853,-96.836808,1459225,3,3,5063,2.0133E+22
26911129,32.91856,-96.788516,1459235,5,6,6675,2.0133E+22
27209650,32.85277,-96.789856,1459286,5,4,3988,2.0133E+22
53099869,33.043528,-96.800436,1459459,5,5,6214,2.0133E+22
26759184,32.870736,-96.834988,1459475,3,3.5,3451,2.0133E+22
27210157,32.85418,-96.803538,1459560,4,4.5,4253,2.0133E+22
27208194,32.857338,-96.78717,1459594,4,3,3794,2.0133E+22
26678414,32.80296,-96.767872,1459628,4,6,6450,2.0133E+22
27199031,32.853678,-96.777865,1459721,4,4,4014,2.0133E+22
26733756,32.838164,-96.820372,1459970,4,3.5,4548,2.0133E+22
26759153,32.872945,-96.837734,1460012,3,4,4901,2.0133E+22
27199493,32.850254,-96.778322,1460257,5,4,4200,2.0133E+22
29282559,32.667346,-97.431468,1460299,4,5,7064,2.0133E+22
26755581,32.886963,-96.790251,1460327,5,5,5169,2.0133E+22
26648585,32.997674,-96.817005,1460360,5,7,6843,2.0133E+22
27203483,32.856633,-96.807602,1460378,5,5,4006,2.0133E+22
27209946,32.854199,-96.783315,1460579,5,5,4246,2.0133E+22
26755969,32.8889,-96.801706,1460902,5,5,4463,2.0133E+22
26740294,32.811155,-96.722473,1460976,5,4.5,4797,2.0133E+22
26756974,32.901324,-96.822972,1460999,3,3.5,5607,2.0133E+22
26757802,32.881537,-96.806395,1461237,4,5,4685,2.0133E+22
26662813,33.123762,-96.832092,1461353,5,4.5,5805,2.0133E+22
26752094,32.862032,-96.782039,1461524,3,1,4221,2.0133E+22
26667164,33.12615,-96.831381,1461569,5,6.5,6885,2.0133E+22
27201727,32.825527,-96.814849,1461581,4,5,4078,2.0133E+22
27207209,32.846404,-96.803216,1461618,3,2.5,2825,2.0133E+22
26698932,32.832672,-96.822171,1461722,3,2.5,2930,2.0133E+22
26936290,32.949686,-96.811403,1461747,5,5,5721,2.0133E+22
27206385,32.83945,-96.809937,1461821,4,4,4576,2.0133E+22
26760283,32.855928,-96.814254,1462044,5,4,4962,2.0133E+22
26936319,32.949322,-96.812463,1462072,4,4.1,4878,2.0133E+22
26692731,32.82114,-96.797146,1462102,3,2.5,3111,2.0133E+22
27209657,32.852331,-96.791469,1462448,4,3.5,3987,2.0133E+22
52933420,33.052292,-96.802088,1462481,5,4.5,6195,2.0133E+22
27210991,32.82351,-96.812342,1462622,4,4,3501,2.0133E+22
27206357,32.841062,-96.80751,1462626,3,3.5,4464,2.0133E+22
26754469,32.869368,-96.791768,1462783,5,5,5833,2.0133E+22
27208504,32.855665,-96.79691,1462974,5,3,3028,2.0133E+22
53098417,33.034473,-96.81989,1463226,6,6,6255,2.0133E+22
27198940,32.854191,-96.774019,1463285,4,3.5,3932,2.0133E+22
26754331,32.869377,-96.790579,1463324,4,5,5044,2.0133E+22
26755568,32.882489,-96.788782,1463411,5,6,5581,2.0133E+22
27201165,32.833199,-96.782841,1463452,4,4,4108,2.0133E+22
26733712,32.837384,-96.817647,1463459,4,4,5039,2.0133E+22
27207118,32.848579,-96.773277,1463698,6,5.5,5200,2.0133E+22
27198883,32.855702,-96.78005,1463782,4,4.5,3470,2.0133E+22
26755795,32.884569,-96.801094,1463913,5,5,5245,2.0133E+22
26903332,32.8763,-96.775471,1463970,5,6.5,5210,2.0133E+22
29037731,32.755482,-97.377695,1464031,4,5,5868,2.0133E+22
27209683,32.852325,-96.795018,1464240,3,2,2013,2.0133E+22
27208095,32.856744,-96.791994,1464243,3,3.5,3259,2.0133E+22
26756162,32.887537,-96.790931,1464315,6,5,5778,2.0133E+22
29252367,32.696548,-97.399208,1464389,3,4,5177,2.0133E+22
53093693,33.047804,-96.810284,1464684,5,5.5,6613,2.0133E+22
26937529,32.952699,-96.809305,1464709,4,4.5,5245,2.0133E+22
26902941,32.860867,-96.775977,1464711,3,3,5521,2.0133E+22
26936305,32.949851,-96.812563,1464824,4,4.5,5024,2.0133E+22
27295454,33.103966,-96.846987,1464828,5,3,7456,2.0133E+22
26706932,32.830928,-96.744531,1464863,4,4.5,4601,2.0133E+22
27209943,32.854197,-96.783804,1465099,4,3.5,4256,2.0133E+22
26751697,32.85137,-96.77404,1465165,5,4,4842,2.0133E+22
27203346,32.853731,-96.804921,1465169,4,4.5,4065,2.0133E+22
27210850,32.850158,-96.780591,1465221,5,4.5,4208,2.0133E+22
26804498,32.911743,-96.828965,1465290,4,5,4780,2.0133E+22
29184722,32.892792,-97.472006,1465408,4,4,5504,2.0133E+22
27204858,32.847012,-96.773587,1465437,4,4.5,4307,2.0133E+22
26701819,32.818174,-96.746219,1465519,4,3.5,4404,2.0133E+22
27200385,32.836855,-96.793328,1465549,4,4,3912,2.0133E+22
26756193,32.88761,-96.796728,1465741,5,4.5,5427,2.0133E+22
27198747,32.848962,-96.791275,1465766,5,3,4039,2.0133E+22
27206141,32.859582,-96.807573,1465777,5,4.5,4213,2.0133E+22
26936286,32.947663,-96.81141,1465954,4,3,4769,2.0133E+22
27201884,32.827368,-96.812227,1466000,4,3.5,3463,2.0133E+22
27198827,32.856291,-96.777323,1466088,4,3.5,4648,2.0133E+22
27203118,32.849959,-96.810099,1466090,4,3.5,4134,2.0133E+22
26733692,32.843519,-96.817702,1466140,4,3.5,4290,2.0133E+22
26903331,32.876224,-96.775681,1466241,4,5.5,5872,2.0133E+22
53099884,33.043822,-96.801768,1466750,5,6,5837,2.0133E+22
27205400,32.839734,-96.794253,1466810,4,5,4216,2.0133E+22
27118646,32.871614,-96.956653,1467033,4,4,6180,2.0133E+22
26733707,32.84254,-96.817799,1467136,3,3,3323,2.0133E+22
26751962,32.862032,-96.779305,1467146,4,5,4752,2.0133E+22
27208303,32.859567,-96.786212,1467234,5,7,5710,2.0133E+22
27210037,32.851371,-96.80213,1467313,4,4.5,5306,2.0133E+22
26758220,32.88928,-96.832445,1467529,4,4,4232,2.0133E+22
26911422,32.913504,-96.785818,1467555,3,3.5,5245,2.0133E+22
26754539,32.872224,-96.793577,1467599,5,6,5319,2.0133E+22
26751371,32.857387,-96.773742,1467712,5,4,4592,2.0133E+22
26756754,32.898797,-96.802612,1467936,3,2.5,2600,2.0133E+22
26689369,32.811334,-96.759554,1468044,4,9,5838,2.0133E+22
27203434,32.855204,-96.805497,1468062,5,5,4746,2.0133E+22
27205477,32.836902,-96.797274,1468068,4,4,3684,2.0133E+22
26803375,32.905923,-96.800751,1468318,4,5.5,5909,2.0133E+22
26804601,32.911994,-96.82309,1468613,5,4.5,5144,2.0133E+22
27210442,32.845363,-96.794244,1468615,4,4,4557,2.0133E+22
27201517,32.828467,-96.78771,1468635,3,2,3560,2.0133E+22
26733749,32.8388,-96.820551,1468652,4,4,4429,2.0133E+22
27201919,32.828183,-96.813469,1468777,3,5,4014,2.0133E+22
26740337,32.814663,-96.715052,1468900,5,5.5,4890,2.0133E+22
27209857,32.853253,-96.787799,1468937,4,4.5,4790,2.0133E+22
27211035,32.8238,-96.815366,1469023,6,4,5455,2.0133E+22
27208975,32.860656,-96.783894,1469185,4,4.5,3541,2.0133E+22
29225886,32.877454,-97.124489,1469212,5,7,8944,2.0133E+22
26754783,32.873747,-96.790335,1469509,4,5,4538,2.0133E+22
26804597,32.913176,-96.823066,1469545,4,5,5486,2.0133E+22
26900167,32.824154,-96.746308,1469564,4,4.5,4130,2.0133E+22
27199081,32.853658,-96.774865,1469582,4,4,4180,2.0133E+22
27209700,32.852728,-96.796109,1469590,4,4.5,4220,2.0133E+22
26658539,33.023798,-96.814456,1469633,5,6,6316,2.0133E+22
26755429,32.881416,-96.787236,1469699,4,3.5,5288,2.0133E+22
27201054,32.83525,-96.788628,1470056,4,3,2946,2.0133E+22
26725724,32.834209,-96.733169,1470334,4,3.5,3623,2.0133E+22
26662833,33.122911,-96.830554,1470414,5,4.5,5850,2.0133E+22
26734203,32.85392,-96.832981,1470495,4,4,4294,2.0133E+22
26849163,32.918695,-96.796428,1470566,5,6.5,5818,2.0133E+22
53103604,33.122045,-96.831117,1470581,4,4.5,6766,2.0133E+22
27206014,32.83901,-96.814366,1470758,5,5.5,4052,2.0133E+22
26755138,32.878442,-96.798877,1470795,4,4.5,4592,2.0133E+22
26661927,33.042913,-96.800231,1470842,5,6.5,6715,2.0133E+22
26733777,32.839309,-96.820063,1470929,4,3,3364,2.0133E+22
26608875,32.994781,-96.810607,1470968,5,5.5,7276,2.0133E+22
26870443,32.940485,-96.799817,1471031,4,5.5,6752,2.0133E+22
26877183,32.97719,-96.815715,1471128,4,5.5,5993,2.0133E+22
26734169,32.852837,-96.834423,1471213,2,3.5,4074,2.0133E+22
27284640,33.095415,-96.84648,1471303,5,4.5,7126,2.0133E+22
27202053,32.829047,-96.813953,1471572,5,3.5,4154,2.0133E+22
53096137,33.048859,-96.80977,1471655,5,4.5,5641,2.0133E+22
26751268,32.851794,-96.773262,1471708,5,4,4783,2.0133E+22
26665696,33.065269,-96.840691,1471779,5,6.5,6697,2.0133E+22
27199489,32.85025,-96.77767,1472013,5,4.5,4264,2.0133E+22
26648599,32.994562,-96.814505,1472060,4,5,5971,2.0133E+22
26916154,32.996515,-96.810865,1472076,4,6,5690,2.0133E+22
27089299,32.862912,-96.967338,1472114,5,6,6844,2.0133E+22
26754707,32.873114,-96.801989,1472155,4,4,4258,2.0133E+22
26936318,32.949351,-96.812887,1472219,5,5,4917,2.0133E+22
26903678,32.859524,-96.816365,1472243,4,4,4332,2.0133E+22
27201781,32.826003,-96.811945,1472321,2,2.5,2816,2.0133E+22
26755835,32.883996,-96.795697,1472338,5,4,4573,2.0133E+22
26756948,32.896504,-96.820908,1472353,4,4.5,6298,2.0133E+22
26760512,32.859719,-96.814253,1472390,4,3,4643,2.0133E+22
27199124,32.852733,-96.777173,1472391,4,3.5,4387,2.0133E+22
27201778,32.826396,-96.812313,1472483,4,5,3678,2.0133E+22
26911172,32.921951,-96.790096,1472556,5,6,5863,2.0133E+22
26669888,33.039977,-96.797376,1472589,5,4.5,5664,2.0133E+22
27209257,32.863643,-96.794629,1472628,4,4,3257,2.0133E+22
26759304,32.867272,-96.831965,1472768,1,1,5550,2.0133E+22
27201725,32.82555,-96.815174,1472792,5,4.5,3896,2.0133E+22
27203513,32.857177,-96.807597,1472883,5,5,3636,2.0133E+22
26648601,32.994245,-96.815061,1472957,3,4.5,6004,2.0133E+22
26734233,32.854522,-96.836104,1473227,4,4,4482,2.0133E+22
26755620,32.884521,-96.791243,1473284,4,3.5,5763,2.0133E+22
26678336,32.803956,-96.768583,1473348,4,7,5904,2.0133E+22
27209979,32.85419,-96.795787,1473493,4,3.5,3862,2.0133E+22
27210422,32.8447,-96.794532,1473568,4,5,4548,2.0133E+22
26756747,32.899369,-96.800509,1473638,5,5.5,5082,2.0133E+22
27199090,32.852725,-96.77541,1473680,4,4,4508,2.0133E+22
27209176,32.864103,-96.790234,1473712,4,4.5,4272,2.0133E+22
27210290,32.842886,-96.77597,1473790,4,4.5,4678,2.0133E+22
27208117,32.856752,-96.788316,1473816,4,2,2854,2.0133E+22
26661929,33.042797,-96.802781,1474281,5,5,6043,2.0133E+22
26702164,32.820075,-96.739491,1474426,5,4.5,5128,2.0133E+22
26751340,32.85418,-96.773043,1474672,5,5,4585,2.0133E+22
27207525,32.844489,-96.777668,1474726,5,4.5,4781,2.0133E+22
27210171,32.854169,-96.801258,1474823,4,4.5,4334,2.0133E+22
27206244,32.839308,-96.805075,1474949,4,4.5,3522,2.0133E+22
26734212,32.855098,-96.834196,1474958,3,2.5,3911,2.0133E+22
27207978,32.855224,-96.788085,1475109,4,3,2905,2.0133E+22
26911348,32.912638,-96.785368,1475131,3,4.5,5333,2.0133E+22
26837985,32.903109,-96.775807,1475137,5,6.5,5996,2.0133E+22
26733763,32.838,-96.818595,1475222,4,4,4149,2.0133E+22
26828914,32.916753,-96.810234,1475404,5,4.5,5333,2.0133E+22
27299161,33.09695,-97.062965,1475468,6,5,6377,2.0133E+22
26756633,32.895617,-96.796714,1475537,5,7,5082,2.0133E+22
26828936,32.917861,-96.806579,1475572,5,5.5,5391,2.0133E+22
27208195,32.857317,-96.792518,1475576,3,2,2850,2.0133E+22
26964045,32.972498,-97.00627,1475723,3,3.5,3885,2.0133E+22
26851466,32.905896,-96.791183,1475981,3,2,3223,2.0133E+22
26804549,32.911696,-96.825557,1476060,5,6,5432,2.0133E+22
27207940,32.85523,-96.786766,1476100,3,2,2178,2.0133E+22
26701808,32.819086,-96.744028,1476149,4,3,3370,2.0133E+22
27201935,32.827826,-96.813275,1476373,4,3.5,3346,2.0133E+22
26803676,32.906211,-96.807226,1476603,5,5,5343,2.0133E+22
27198102,32.843623,-96.81099,1476691,4,3.5,4228,2.0133E+22
27201022,32.835229,-96.783971,1476707,4,4.5,3796,2.0133E+22
27210464,32.845384,-96.795731,1476781,4,3.5,4192,2.0133E+22
26760634,32.862066,-96.819273,1476844,3,4.5,4146,2.0133E+22
26756943,32.897733,-96.820913,1477017,4,4,6613,2.0133E+22
27206018,32.839019,-96.813596,1477050,5,6,4800,2.0133E+22
26586026,32.987672,-96.817671,1477067,5,7.5,7441,2.0133E+22
26752672,32.876005,-96.777534,1477093,3,6,6286,2.0133E+22
26733637,32.843725,-96.815527,1477169,4,3,4101,2.0133E+22
26755486,32.883977,-96.79191,1477232,4,6,5760,2.0133E+22
29321419,32.964176,-97.16478,1477664,5,5,6846,2.0133E+22
26746910,32.839469,-96.713272,1477668,3,2,2446,2.0133E+22
27199136,32.852736,-96.77815,1477854,4,4.5,4271,2.0133E+22
27198000,32.840901,-96.810411,1477913,4,4.5,4444,2.0133E+22
26728671,32.765749,-96.82762,1477927,4,3.5,3161,2.0133E+22
29299676,32.975886,-97.201636,1477965,5,6,6726,2.0133E+22
26701814,32.818281,-96.744826,1478144,3,2.5,4182,2.0133E+22
26701822,32.819815,-96.744571,1478155,5,4.5,4426,2.0133E+22
26804212,32.895328,-96.81575,1478312,6,5,5868,2.0133E+22
27203726,32.851868,-96.809303,1478318,4,4.5,4184,2.0133E+22
27207189,32.84724,-96.803588,1478383,4,3,3907,2.0133E+22
27199038,32.853254,-96.777947,1478415,4,4.5,4128,2.0133E+22
27202276,32.832562,-96.814359,1478782,4,2.5,2685,2.0133E+22
27208879,32.861089,-96.795141,1478807,4,2.5,3134,2.0133E+22
26751880,32.860081,-96.779097,1478824,4,4.5,4384,2.0133E+22
27209555,32.851805,-96.784589,1478856,4,4,4821,2.0133E+22
26760873,32.854912,-96.829331,1478974,4,5,4706,2.0133E+22
26755515,32.883495,-96.787528,1479496,5,5,5287,2.0133E+22
27198788,32.857825,-96.7814,1479602,4,4,3774,2.0133E+22
27202298,32.832478,-96.812546,1479743,4,3.5,3480,2.0133E+22
26760529,32.863445,-96.815262,1479775,5,5,4288,2.0133E+22
26758151,32.892749,-96.830663,1479782,3,3.5,3431,2.0133E+22
26701753,32.817382,-96.747192,1479924,4,3.5,4114,2.0133E+22
26756686,32.898314,-96.798649,1480097,5,4.5,5422,2.0133E+22
27211374,32.843275,-96.803085,1480100,4,3,4866,2.0133E+22
27206153,32.859147,-96.807775,1480115,4,4,4568,2.0133E+22
26757060,32.897101,-96.825513,1480126,5,5.5,5139,2.0133E+22
27201557,32.828401,-96.792142,1480132,2,2,2038,2.0133E+22
27198128,32.843973,-96.808734,1480196,3,3.5,3850,2.0133E+22
27199219,32.851788,-96.774822,1480321,4,4.5,4689,2.0133E+22
26903502,32.892958,-96.812157,1480388,3,3.5,5169,2.0133E+22
26751294,32.852282,-96.771691,1480560,5,4.5,4825,2.0133E+22
27203716,32.852809,-96.810272,1480680,4,3.5,4073,2.0133E+22
27210403,32.844701,-96.795085,1480999,5,5.5,4270,2.0133E+22
26693449,32.817825,-96.800134,1481000,4,5,3584,2.0133E+22
29151200,32.746955,-97.417627,1481062,4,4,3632,2.0133E+22
29225899,32.876074,-97.124609,1481243,4,3,9931,2.0133E+22
26937523,32.951051,-96.809615,1481267,6,5.5,5497,2.0133E+22
26804647,32.910387,-96.834492,1481581,5,5.1,5401,2.0133E+22
27212116,32.838873,-96.807269,1481690,4,3.2,4411,2.0133E+22
27209148,32.863107,-96.789291,1481704,5,4,3369,2.0133E+22
26756160,32.887531,-96.790252,1481722,5,4.5,5283,2.0133E+22
27199181,32.851399,-96.782221,1481784,5,5,4779,2.0133E+22
26662829,33.123419,-96.829895,1481833,5,5.2,6863,2.0133E+22
29058312,32.701414,-97.387332,1481908,6,6,6450,2.0133E+22
27207016,32.844478,-96.806612,1482017,4,5.5,4356,2.0133E+22
27198003,32.840795,-96.809561,1482068,4,4,3840,2.0133E+22
27199550,32.849623,-96.776032,1482109,5,4,4691,2.0133E+22
26759879,32.87634,-96.80703,1482225,3,2.5,3398,2.0133E+22
26804343,32.904745,-96.82641,1482321,4,5,5070,2.0133E+22
27206868,32.849959,-96.78477,1482495,4,5,4766,2.0133E+22
27203620,32.854286,-96.811236,1482654,5,6.5,4852,2.0133E+22
27201130,32.834221,-96.783989,1482664,4,4.5,3733,2.0133E+22
27208085,32.856261,-96.79108,1482960,3,2.5,3271,2.0133E+22
26903561,32.881259,-96.832521,1483090,4,4.5,4891,2.0133E+22
26692623,32.82168,-96.793539,1483177,3,2.5,3545,2.0133E+22
26755079,32.879416,-96.802515,1483213,5,5.5,5494,2.0133E+22
26733702,32.842953,-96.817416,1483216,4,3.5,3937,2.0133E+22
26751917,32.861082,-96.778128,1483281,4,4,4566,2.0133E+22
26755754,32.886004,-96.797529,1483356,3,2,2193,2.0133E+22
26756830,32.900053,-96.80735,1483391,4,6,5410,2.0133E+22
26654873,33.047869,-96.799211,1483678,5,5,6510,2.0133E+22
26804598,32.912892,-96.823068,1483994,5,6,5970,2.0133E+22
27199510,32.850239,-96.776522,1484001,5,5,4470,2.0133E+22
27206979,32.842995,-96.807841,1484062,4,4,3400,2.0133E+22
27198779,32.857342,-96.782079,1484136,4,4,4229,2.0133E+22
27209579,32.852325,-96.785088,1484228,4,3.5,4244,2.0133E+22
26757637,32.889442,-96.810582,1484530,5,3,6477,2.0133E+22
27209896,32.853265,-96.78412,1484566,4,4.5,4502,2.0133E+22
27206857,32.849564,-96.784753,1484570,4,3.5,4640,2.0133E+22
26754827,32.874266,-96.793703,1484734,3,3.5,4462,2.0133E+22
27199711,32.848525,-96.792972,1484795,4,3,3512,2.0133E+22
26804555,32.911479,-96.823591,1484811,5,6,5426,2.0133E+22
26756559,32.900364,-96.793343,1484829,5,5.5,5160,2.0133E+22
26760520,32.862202,-96.815352,1485014,3,4,3803,2.0133E+22
26965588,32.957278,-96.98276,1485028,6,6,6166,2.0133E+22
26649041,32.993738,-96.816866,1485174,5,5.2,5890,2.0133E+22
26837925,32.903402,-96.777555,1485254,6,4.5,5265,2.0133E+22
26759714,32.870376,-96.811381,1485274,3,2,2964,2.0133E+22
27209940,32.854197,-96.784292,1485429,3,3.5,4216,2.0133E+22
27206812,32.849587,-96.78512,1485552,4,4,4299,2.0133E+22
26803745,32.905258,-96.806113,1485803,5,4.5,5273,2.0133E+22
53096158,33.049734,-96.810322,1485826,4,4.5,6136,2.0133E+22
26692703,32.82246,-96.7971,1485855,3,4,4837,2.0133E+22
27208486,32.854602,-96.799049,1485954,5,5,4248,2.0133E+22
26754649,32.871743,-96.800224,1485979,4,3.5,4241,2.0133E+22
27209707,32.852306,-96.799507,1486271,4,3.5,4295,2.0133E+22
26849616,32.910956,-96.799046,1486389,4,4,5640,2.0133E+22
27209779,32.853647,-96.799036,1486404,4,4.5,4377,2.0133E+22
26849215,32.920246,-96.795346,1486645,5,4,5506,2.0133E+22
26911169,32.921644,-96.790834,1486697,4,3.5,5698,2.0133E+22
26756099,32.889077,-96.792904,1486868,5,6,5864,2.0133E+22
27199146,32.852745,-96.781179,1486954,4,3.5,4405,2.0133E+22
26876708,32.974128,-96.807207,1486980,5,6,5332,2.0133E+22
27206214,32.837319,-96.808169,1487001,4,4.5,3296,2.0133E+22
27210868,32.849156,-96.782188,1487038,5,3.5,4375,2.0133E+22
26900165,32.828237,-96.745255,1487188,1,1,800,2.0133E+22
26903563,32.882038,-96.832537,1487201,4,4.5,4625,2.0133E+22
26755634,32.886944,-96.787102,1487230,5,4.5,5665,2.0133E+22
26740334,32.815354,-96.714503,1487294,4,3.5,4801,2.0133E+22
26803347,32.902467,-96.803262,1487362,5,6,4225,2.0133E+22
27209814,32.853665,-96.795306,1487416,4,4.5,4090,2.0133E+22
26654867,33.047139,-96.80003,1487531,6,8.5,6986,2.0133E+22
26757049,32.896591,-96.828767,1487699,6,5.5,6783,2.0133E+22
26758769,32.880663,-96.831374,1487779,5,5,5284,2.0133E+22
27210106,32.852722,-96.80308,1487871,5,3.5,4432,2.0133E+22
26851538,32.904007,-96.792926,1487896,3,2,3255,2.0133E+22
27202582,32.835105,-96.813676,1487929,4,4.5,3890,2.0133E+22
26662814,33.121097,-96.830034,1488040,6,6,7017,2.0133E+22
27203616,32.854281,-96.810454,1488084,4,3.5,4028,2.0133E+22
27201552,32.828862,-96.791156,1488268,6,2,2841,2.0133E+22
27201100,32.834227,-96.78735,1488273,3,1,2532,2.0133E+22
27197972,32.840425,-96.811735,1488285,4,5,4504,2.0133E+22
26876709,32.974603,-96.807629,1488501,5,6.5,5581,2.0133E+22
27280772,33.022236,-97.144822,1488564,6,6.5,6949,2.0133E+22
27198862,32.855714,-96.782494,1488820,4,4,3918,2.0133E+22
27202426,32.834207,-96.813387,1488837,5,3.5,3858,2.0133E+22
27208511,32.855621,-96.798518,1488905,4,5,3916,2.0133E+22
26760618,32.857664,-96.815791,1489047,4,5,4465,2.0133E+22
27210003,32.854174,-96.799044,1489205,4,4,4210,2.0133E+22
27198793,32.857822,-96.78254,1489220,3,3.5,3874,2.0133E+22
26756781,32.897534,-96.802353,1489287,5,6,5644,2.0133E+22
26759874,32.877481,-96.8048,1489466,4,4,3752,2.0133E+22
26754470,32.870317,-96.795138,1489474,4,6,5480,2.0133E+22
26870761,32.943607,-96.79503,1489481,6,7,7026,2.0133E+22
27207186,32.847244,-96.804088,1489588,4,5,4412,2.0133E+22
27206152,32.859144,-96.807579,1489751,4,5,4611,2.0133E+22
26755336,32.881529,-96.798976,1489852,5,4.5,5183,2.0133E+22
26876705,32.974776,-96.806376,1489948,6,7,6627,2.0133E+22
27213704,32.951493,-96.810692,1490037,5,5,5626,2.0133E+22
26648588,32.996726,-96.815508,1490192,5,6.5,6502,2.0133E+22
26657194,33.041444,-96.806845,1490265,5,6,6818,2.0133E+22
26759240,32.870308,-96.829569,1490401,4,2.5,3323,2.0133E+22
27199532,32.850197,-96.773263,1490410,4,3.5,4586,2.0133E+22
27208670,32.856183,-96.803152,1490515,4,3,3147,2.0133E+22
27210007,32.854179,-96.798386,1490528,4,3.5,4223,2.0133E+22
27209717,32.852317,-96.797874,1490552,4,4.5,3553,2.0133E+22
29307373,32.666131,-97.437422,1490574,5,6,6894,2.0133E+22
27199728,32.847532,-96.792586,1490626,4,4.5,4060,2.0133E+22
26898054,32.793804,-96.811335,1490737,3,4,4658,2.0133E+22
27201339,32.830855,-96.784658,1491140,3,3.5,3680,2.0133E+22
26828783,32.915545,-96.80396,1491172,7,7,7000,2.0133E+22
27201386,32.830432,-96.788656,1491356,4,4.5,3400,2.0133E+22
26758743,32.884984,-96.831113,1491468,5,5.5,4445,2.0133E+22
26849210,32.919826,-96.796146,1491611,4,5.5,5219,2.0133E+22
26849615,32.910891,-96.799433,1491724,3,5.5,5538,2.0133E+22
27203683,32.853749,-96.808896,1491725,4,4.5,4263,2.0133E+22
27211366,32.843756,-96.802887,1491773,4,3.5,4021,2.0133E+22
27206371,32.841503,-96.807913,1492074,4,3.5,3970,2.0133E+22
27209909,32.853678,-96.784128,1492223,4,4,4510,2.0133E+22
26755411,32.881428,-96.791577,1492338,4,5,5149,2.0133E+22
26756949,32.895933,-96.820907,1492364,5,6,5923,2.0133E+22
26876703,32.975735,-96.806597,1492512,4,6,6667,2.0133E+22
26757775,32.886229,-96.810567,1492770,4,5.5,4326,2.0133E+22
26751898,32.859605,-96.778266,1492817,4,5,4795,2.0133E+22
27210160,32.854177,-96.80305,1492919,4,5,4126,2.0133E+22
26903356,32.875883,-96.77647,1492951,3,4.5,6416,2.0133E+22
27198031,32.8418,-96.811356,1493010,4,4.5,4065,2.0133E+22
26911022,32.939293,-96.781542,1493020,5,6,6769,2.0133E+22
27201934,32.82784,-96.813112,1493091,4,4.5,4098,2.0133E+22
27207943,32.855233,-96.786086,1493175,4,3.5,3838,2.0133E+22
27203472,32.856164,-96.805099,1493359,3,5,4887,2.0133E+22
26858002,32.911771,-96.831822,1493626,5,4.5,5513,2.0133E+22
27202517,32.835555,-96.808943,1493633,4,4.5,3777,2.0133E+22
27205374,32.838541,-96.793612,1493720,5,3,3820,2.0133E+22
26851444,32.908209,-96.787223,1493822,5,8,6438,2.0133E+22
27202241,32.830512,-96.814973,1493935,4,4,3623,2.0133E+22
27208138,32.856296,-96.783594,1494058,5,5,4579,2.0133E+22
26851570,32.906599,-96.785134,1494264,3,3.5,4987,2.0133E+22
27199166,32.851819,-96.781764,1494277,4,5,4265,2.0133E+22
27202486,32.834244,-96.809572,1494375,4,3,3642,2.0133E+22
27203491,32.856175,-96.80702,1494383,4,4.5,4280,2.0133E+22
27208232,32.857329,-96.793346,1494497,3,3,2870,2.0133E+22
27199843,32.844489,-96.776048,1494701,5,5.5,4660,2.0133E+22
26754675,32.871091,-96.797932,1494717,5,4,4465,2.0133E+22
27202268,32.832887,-96.813653,1494772,4,4,3880,2.0133E+22
26754550,32.872746,-96.794033,1494917,4,4.5,5239,2.0133E+22
26755672,32.884496,-96.787427,1495045,5,4.5,6012,2.0133E+22
27209591,32.852331,-96.783112,1495110,4,4.5,4698,2.0133E+22
27212113,32.838315,-96.808413,1495175,4,4.5,4066,2.0133E+22
53088725,33.024724,-96.818221,1495325,5,5,6829,2.0133E+22
29304501,32.962589,-97.162259,1495770,5,8,7317,2.0133E+22
26754954,32.878369,-96.788375,1495826,4,4,2710,2.0133E+22
27211061,32.824036,-96.80951,1495951,3,2,2500,2.0133E+22
26759254,32.866143,-96.830122,1496091,3,3.5,4123,2.0133E+22
26701821,32.819865,-96.744237,1496133,4,4,4833,2.0133E+22
26754371,32.869884,-96.788468,1496297,4,3.5,4697,2.0133E+22
26756385,32.891818,-96.795378,1496509,5,6,5208,2.0133E+22
26851498,32.901004,-96.796819,1496694,3,3,4300,2.0133E+22
26734211,32.854281,-96.835243,1497011,4,5.5,4361,2.0133E+22
26758161,32.89022,-96.830076,1497016,4,2,3404,2.0133E+22
26759257,32.865603,-96.83074,1497045,5,5.5,4541,2.0133E+22
26613962,33.09888,-96.834274,1497209,4,3.5,4703,2.0133E+22
26631372,33.0307,-96.807219,1497265,5,6,7869,2.0133E+22
27198137,32.844569,-96.811,1497529,4,3.5,3593,2.0133E+22
27204918,32.839016,-96.811023,1497611,3,3,3575,2.0133E+22
26678555,32.808954,-96.778586,1497820,2,1,1164,2.0133E+22
53103644,33.122923,-96.829945,1498132,5,5,5813,2.0133E+22
53093696,33.048175,-96.808929,1498132,4,5,5851,2.0133E+22
26658537,33.024895,-96.814725,1498265,5,4.5,6412,2.0133E+22
27202258,32.831484,-96.814065,1498273,4,4,2743,2.0133E+22
27212121,32.838878,-96.808082,1498396,4,5.5,4234,2.0133E+22
27210146,32.853657,-96.802899,1498422,3,3,3565,2.0133E+22
27203097,32.849527,-96.810638,1498463,4,3.5,4254,2.0133E+22
26701804,32.8189,-96.745479,1498791,4,3.5,4638,2.0133E+22
26902872,32.857411,-96.772279,1498862,5,3.5,6230,2.0133E+22
27211062,32.824038,-96.809738,1498890,4,3.5,5004,2.0133E+22
26732909,32.838872,-96.822138,1498961,3,3,3203,2.0133E+22
27211362,32.843769,-96.803652,1499011,4,3.5,4440,2.0133E+22
27198154,32.844546,-96.810106,1499079,4,3.5,3835,2.0133E+22
26732529,32.841816,-96.712031,1499091,6,3.5,4297,2.0133E+22
53099885,33.043712,-96.801337,1499138,4,5,6032,2.0133E+22
27208472,32.854616,-96.797356,1499197,3,3,3513,2.0133E+22
26756776,32.897684,-96.801029,1499247,5,5.5,5406,2.0133E+22
27208660,32.856628,-96.800622,1499328,4,3,3535,2.0133E+22
26760776,32.853813,-96.820749,1499559,4,4.5,5193,2.0133E+22
26756097,32.888641,-96.795786,1499587,5,5,5053,2.0133E+22
27208580,32.858382,-96.79713,1499661,3,3.5,3603,2.0133E+22
27200413,32.849516,-96.806446,1499685,4,4,2125,2.0133E+22
26759916,32.872923,-96.804507,1499734,5,6,4249,2.0133E+22
27199156,32.852325,-96.78201,1499835,4,3.5,4007,2.0133E+22
26876539,32.981505,-96.80503,1500010,6,6,6385,2.0133E+22
26725867,32.846767,-96.730786,1500139,3,3.5,4399,2.0133E+22
27204912,32.839005,-96.809959,1500157,4,3.5,4182,2.0133E+22
27211046,32.823663,-96.813577,1500440,4,4.5,5132,2.0133E+22
26804379,32.903385,-96.822782,1500451,4,6,4800,2.0133E+22
26911095,32.921959,-96.789361,1500530,4,5,6260,2.0133E+22
27210855,32.849618,-96.782422,1500698,4,4.5,4077,2.0133E+22
26640305,32.992852,-96.810892,1500710,6,7,8123,2.0133E+22
26756209,32.891824,-96.787113,1500743,5,6,5720,2.0133E+22
26758728,32.887942,-96.831219,1500983,4,4.5,4469,2.0133E+22
27209999,32.854163,-96.800029,1501163,4,5,4481,2.0133E+22
27199137,32.852735,-96.777564,1501167,4,5,4360,2.0133E+22
26903505,32.884861,-96.80584,1501181,5,5.5,5321,2.0133E+22
26751943,32.86159,-96.779705,1501480,6,4.5,5144,2.0133E+22
26898103,32.801727,-96.807438,1501493,4,3.5,3657,2.0133E+22
26725741,32.842397,-96.736165,1501666,4,4,3638,2.0133E+22
27202296,32.832473,-96.812131,1501830,4,3,3362,2.0133E+22
26740354,32.816983,-96.713194,1501940,5,3.5,3844,2.0133E+22
27209746,32.853236,-96.800009,1501947,4,5,4360,2.0133E+22
27200968,32.83581,-96.783486,1502006,4,3.5,3865,2.0133E+22
27206185,32.860128,-96.806784,1502103,5,4,4178,2.0133E+22
26755359,32.880899,-96.799312,1502288,5,4,5019,2.0133E+22
26733831,32.842872,-96.819965,1502288,4,3,3598,2.0133E+22
27200972,32.835816,-96.784137,1502314,4,4.5,4020,2.0133E+22
26804850,32.906506,-96.834631,1502338,6,5,5493,2.0133E+22
29168192,32.875299,-97.136507,1502413,5,5,6730,2.0133E+22
27210162,32.854177,-96.802724,1502414,3,4,4244,2.0133E+22
26756490,32.892752,-96.800526,1502462,5,5,4860,2.0133E+22
26848451,32.936833,-96.782357,1502505,5,6,5829,2.0133E+22
27198863,32.855714,-96.782266,1502583,4,4,3940,2.0133E+22
27090533,32.872383,-96.953426,1502584,5,5,5524,2.0133E+22
26876716,32.975732,-96.809456,1502594,4,5,4197,2.0133E+22
26828973,32.917889,-96.809404,1502628,4,5,5157,2.0133E+22
26803734,32.9048,-96.806078,1502706,5,5.5,5327,2.0133E+22
26756064,32.890169,-96.797232,1502712,5,6,5146,2.0133E+22
27206030,32.84044,-96.813518,1502772,4,4.5,4358,2.0133E+22
26803511,32.911977,-96.812011,1502882,6,6,5765,2.0133E+22
26734402,32.856043,-96.837571,1503084,6,7,6803,2.0133E+22
26631385,33.032474,-96.806826,1503196,5,5,6476,2.0133E+22
27088968,32.85969,-96.971701,1503198,5,6,7096,2.0133E+22
26757759,32.884259,-96.804465,1503224,5,5.5,5523,2.0133E+22
26756778,32.89729,-96.8015,1503317,5,6,5375,2.0133E+22
27206320,32.841046,-96.804954,1503331,4,4,4288,2.0133E+22
53103608,33.12406,-96.831022,1503417,5,7,6860,2.0133E+22
26936448,32.950263,-96.813789,1503522,4,7.5,6665,2.0133E+22
26740395,32.818481,-96.710898,1503674,5,4.5,5121,2.0133E+22
26760639,32.86273,-96.820778,1503910,4,3.5,3674,2.0133E+22
26733818,32.841659,-96.819291,1503928,5,4,4153,2.0133E+22
27203065,32.848999,-96.811454,1504014,5,4,4387,2.0133E+22
26851520,32.902169,-96.794585,1504111,3,3,3295,2.0133E+22
27210399,32.844206,-96.792368,1504391,4,5,4532,2.0133E+22
26692708,32.821862,-96.7961,1504429,3,3.5,4342,2.0133E+22
26803744,32.905274,-96.805783,1504544,5,4.5,5480,2.0133E+22
27208383,32.860099,-96.788942,1504594,3,3,2642,2.0133E+22
26848147,32.90898,-96.797054,1504606,5,5.5,7479,2.0133E+22
26701801,32.818809,-96.746192,1504711,4,3.5,4133,2.0133E+22
27199486,32.850247,-96.777182,1504853,4,5,4015,2.0133E+22
26803324,32.901864,-96.801169,1504862,5,5,6812,2.0133E+22
27209804,32.853659,-96.793693,1504912,4,4,4038,2.0133E+22
27296237,33.017986,-97.126731,1504969,5,6,5385,2.0133E+22
27209818,32.853667,-96.795944,1504976,4,4.5,4070,2.0133E+22
27209768,32.853662,-96.797249,1504985,4,5,4837,2.0133E+22
26759353,32.863918,-96.833331,1505172,5,6.5,6141,2.0133E+22
26754329,32.869377,-96.791048,1505175,5,5,5259,2.0133E+22
27212115,32.838872,-96.807098,1505199,4,4,4449,2.0133E+22
26756993,32.898114,-96.82227,1505203,4,4.5,5264,2.0133E+22
26754420,32.872231,-96.789588,1505317,5,4.5,5462,2.0133E+22
26740394,32.818264,-96.711085,1505363,5,4.5,5304,2.0133E+22
27209609,32.852736,-96.785911,1505503,5,5,4098,2.0133E+22
26755264,32.874291,-96.801976,1505605,4,4.5,5181,2.0133E+22
27210342,32.846404,-96.792176,1505614,4,5,4181,2.0133E+22
27202382,32.833696,-96.812603,1505653,3,3.5,3917,2.0133E+22
27209489,32.851807,-96.795129,1505768,4,4,4526,2.0133E+22
26755591,32.885976,-96.792896,1505773,5,5,5471,2.0133E+22
26758590,32.883768,-96.836477,1505811,5,6.5,6911,2.0133E+22
27201059,32.835242,-96.78757,1505812,4,3,2931,2.0133E+22
26755678,32.884513,-96.789719,1505942,5,4.5,5005,2.0133E+22
27210511,32.848229,-96.78634,1505989,5,5.5,4787,2.0133E+22
27202376,32.833363,-96.809146,1506046,4,4,2825,2.0133E+22
26756351,32.892877,-96.794647,1506120,4,5,5442,2.0133E+22
26804795,32.905129,-96.829951,1506151,4,4.5,5691,2.0133E+22
27203123,32.849956,-96.809171,1506175,4,3.5,4484,2.0133E+22
53101653,33.036371,-96.818272,1506354,6,6.1,6378,2.0133E+22
26756116,32.889051,-96.789737,1506532,5,4,5445,2.0133E+22
26911384,32.912184,-96.785572,1506535,4,6,5041,2.0133E+22
27210107,32.852724,-96.803243,1506632,4,5,4408,2.0133E+22
26757008,32.898708,-96.821832,1506831,3,5,5445,2.0133E+22
27198087,32.843083,-96.809615,1506877,4,3.5,3432,2.0133E+22
27201452,32.8294,-96.791322,1506910,4,4,3968,2.0133E+22
28951600,32.739884,-97.395282,1506994,3,3.5,6007,2.0133E+22
26759834,32.879083,-96.807223,1507136,4,3.5,3820,2.0133E+22
27207890,32.854618,-96.795305,1507192,4,2,3559,2.0133E+22
27203688,32.852379,-96.809689,1507240,4,4.5,3680,2.0133E+22
26876538,32.981008,-96.805048,1507299,6,5.5,6738,2.0133E+22
27206419,32.839488,-96.812648,1507307,5,4,4321,2.0133E+22
26754739,32.873762,-96.799222,1507401,4,4.5,4654,2.0133E+22
26756077,32.888733,-96.797441,1507663,5,4.5,5859,2.0133E+22
27211367,32.843752,-96.802692,1507721,4,3.5,3999,2.0133E+22
27209762,32.853251,-96.797405,1507802,4,6,4366,2.0133E+22
27209741,32.852716,-96.799675,1508120,4,6,4754,2.0133E+22
26759895,32.874693,-96.806036,1508403,4,3.5,4241,2.0133E+22
26768976,32.757995,-96.83489,1508482,4,4.5,4623,2.0133E+22
27208098,32.856746,-96.791311,1508536,4,3.5,2705,2.0133E+22
27198099,32.843625,-96.811643,1508556,4,2,3835,2.0133E+22
27209955,32.854213,-96.788718,1508845,4,4,4393,2.0133E+22
26851568,32.909034,-96.782148,1509168,3,2.5,4832,2.0133E+22
27210124,32.85324,-96.802256,1509462,4,5.5,4190,2.0133E+22
27201171,32.833199,-96.781869,1509577,4,5,4516,2.0133E+22
27209892,32.853265,-96.784771,1509589,4,5,4660,2.0133E+22
27209347,32.864095,-96.798099,1509610,4,4.5,4214,2.0133E+22
26654856,33.045422,-96.80012,1509661,4,6,6875,2.0133E+22
27207139,32.84758,-96.773743,1509752,5,5,4582,2.0133E+22
27199220,32.851788,-96.774627,1509771,5,4.5,4786,2.0133E+22
27207082,32.848585,-96.776358,1509837,5,7,5098,2.0133E+22
26758658,32.881645,-96.833411,1509981,5,6.5,5685,2.0133E+22
27208513,32.855603,-96.798926,1510586,3,3.5,4372,2.0133E+22
27210184,32.854585,-96.801906,1510714,4,4,3832,2.0133E+22
27202824,32.831664,-96.817184,1510736,4,3.5,4058,2.0133E+22
26757000,32.896369,-96.821526,1510753,4,7,5625,2.0133E+22
27204939,32.837469,-96.81183,1510918,4,4.5,4546,2.0133E+22
26751345,32.855254,-96.772321,1511201,3,4.5,4307,2.0133E+22
27208325,32.860069,-96.785958,1511206,4,3,3805,2.0133E+22
26876714,32.971953,-96.805677,1511254,4,5,5401,2.0133E+22
26756986,32.896582,-96.823034,1511327,5,4.5,5416,2.0133E+22
26754447,32.872757,-96.789161,1511374,5,6.5,5589,2.0133E+22
